description,iscompleted,time
task 1,FALSE,7/9/2021
task 2,FALSE,12/19/2020
task 3,FALSE,8/27/2020
task 4,FALSE,10/26/2017
task 5,FALSE,7/14/2022
task 6,FALSE,12/26/2019
task 7,FALSE,1/11/2017
task 8,FALSE,8/10/2015
task 9,FALSE,8/20/2020
task 10,FALSE,12/22/2017
task 11,FALSE,9/6/2017
task 12,FALSE,9/3/2021
task 13,FALSE,6/23/2015
task 14,FALSE,11/7/2016
task 15,FALSE,4/19/2020
task 16,FALSE,10/28/2015
task 17,FALSE,11/29/2019
task 18,FALSE,6/25/2021
task 19,FALSE,1/31/2016
task 20,FALSE,8/12/2017
task 21,FALSE,12/13/2017
task 22,FALSE,11/29/2021